iiserid,name,courseid,email
108,M S Madhusudhan,bio314,madhusudhan@iiserpune.ac.in
148,Nixon Abraham M,bio316,nabraham@iiserpune.ac.in
131,Suhita Nadkarni,bio316,suhita@iiserpune.ac.in
1001,Anand Krishnan,bio355,anandk@iiserpune.ac.in
114,Raghav Rajan,bio310,raghav@iiserpune.ac.in
26,Pranay Goel,bio310,pgoel@iiserpune.ac.in
49,Richa Ricky,bio320,richa@iiserpune.ac.in
48,Girish Ratnaparkhi,bio320,girish@iiserpune.ac.in